Stress Location - z,Sigma X (Mpa),Sigma Y (Mpa),Shear XY (Mpa)
-2.0,-4.657736721863952,-5.817376058422323,-0.0008101772531543538
-1.0,-2.328868360931976,-2.9086880292111617,-0.0004050886265771769
-1.0,16.30207852652363,-279.6391837955225,0.0028356203859219503
0.0,0.0,0.0,0.0
0.0,0.0,0.0,0.0
1.0,-16.30207852652363,279.6391837955225,-0.0028356203859219503
1.0,2.328868360931976,2.9086880292111617,0.0004050886265771769
2.0,4.657736721863952,5.817376058422323,0.0008101772531543538
